cell,PR-AUC,ROC-AUC,F1,F2,precision,recall,threshold,brier_score,TP,FP,TN,FN,alert_rate,FP/TP,precision_at_k,recall_at_k,k_used,test_samples,test_fraud_samples
baf_base/catboost/none,0.17956002298289325,0.8980490600076778,0.21056927157722913,0.31425091352009743,0.1358609794628752,0.46781504986400724,0.05732954471161277,0.009843055566709943,1032,6564,191230,1174,0.03798,6.3604651162790695,0.342,0.15503173164097914,1000,200000,2206
baf_base/catboost/ros,0.18505909873021,0.8987105447611177,0.21343050494534097,0.31590951118781974,0.13853223408568727,0.4646418857660925,0.836854,0.11713106722343247,1025,6374,191420,1181,0.036995,6.218536585365854,0.354,0.16047144152311876,1000,200000,2206
baf_base/catboost/rus,0.1778087068139774,0.8972660008341691,0.2124362895005097,0.31714146579011443,0.13703314045239348,0.47234814143245696,0.84972,0.1284744398495376,1042,6562,191232,1164,0.03802,6.297504798464491,0.332,0.15049864007252947,1000,200000,2206
baf_base/catboost/smote,0.15432151634906882,0.8866651569348445,0.20239059967585088,0.30291085506367493,0.13031567962431514,0.4528558476881233,0.090195,0.010258829436801788,999,6667,191127,1207,0.03833,6.673673673673673,0.305,0.13825929283771532,1000,200000,2206
baf_base/catboost/smote_tomek,0.15432151634906882,0.8866651569348445,0.20239059967585088,0.30291085506367493,0.13031567962431514,0.4528558476881233,0.090195,0.010258829436801788,999,6667,191127,1207,0.03833,6.673673673673673,0.305,0.13825929283771532,1000,200000,2206
baf_base/catboost/smoteenn,0.16485588887540237,0.8887919151688272,0.20488385944014295,0.30913012221423436,0.13116420945602442,0.46781504986400724,0.148684,0.012137897058809863,1032,6836,190958,1174,0.03934,6.624031007751938,0.316,0.14324569356300998,1000,200000,2206
baf_base/catboost/weights,0.18398301187783211,0.8989886393429042,0.20810259399591954,0.31665779670037253,0.13243477185606528,0.485494106980961,0.826635,0.11810568464279067,1071,7016,190778,1135,0.040435,6.550887021475257,0.342,0.15503173164097914,1000,200000,2206
baf_base/fttransformer/none,0.176949943939938,0.8964778595395884,0.18076358296622613,0.3041308429686728,0.1078500087611705,0.5580235720761559,0.05843411013484001,0.009958935901522636,1231,10183,187611,975,0.05707,8.272136474411047,0.329,0.14913871260199457,1000,200000,2206
baf_base/fttransformer/ros,0.16646914262576518,0.8920991945510751,0.2108937070333157,0.31014745224911344,0.13753621189129536,0.4519492293744334,0.854138195514679,0.11983691155910492,997,6252,191542,1209,0.036245,6.270812437311935,0.312,0.1414324569356301,1000,200000,2206
baf_base/fttransformer/rus,0.16332880003992423,0.893365636203957,0.2107881940517924,0.30140353146626997,0.14042489076389936,0.4224841341795104,0.9217880964279175,0.1463744193315506,932,5705,192089,1274,0.033185,6.121244635193133,0.305,0.13825929283771532,1000,200000,2206
baf_base/fttransformer/smote,0.11491511983062087,0.8622103180675782,0.14982312547686757,0.2567149988115046,0.08844484481205471,0.48957388939256574,0.5792941451072693,0.05372251570224762,1080,11131,186663,1126,0.061055,10.306481481481482,0.225,0.10199456029011786,1000,200000,2206
baf_base/fttransformer/smote_tomek,0.11491511983062087,0.8622103180675782,0.14982312547686757,0.2567149988115046,0.08844484481205471,0.48957388939256574,0.5792941451072693,0.05372251570224762,1080,11131,186663,1126,0.061055,10.306481481481482,0.225,0.10199456029011786,1000,200000,2206
baf_base/fttransformer/smoteenn,0.12390558132070759,0.866822031825175,0.16709877059463077,0.26890982503364735,0.1024510306635217,0.4528558476881233,0.7572863698005676,0.06480243802070618,999,8752,189042,1207,0.048755,8.76076076076076,0.261,0.11831368993653672,1000,200000,2206
baf_base/fttransformer/weights,0.17573347688928073,0.8949390070299521,0.19878766268497058,0.31257008297824623,0.12372392365734576,0.5054397098821396,0.8412745594978333,0.10396728664636612,1115,7897,189897,1091,0.04506,7.082511210762332,0.336,0.15231187669990934,1000,200000,2206
baf_base/lgbm/none,0.1767959671089727,0.8984845868973765,0.22242647058823528,0.31588565461428014,0.1489689135118498,0.43880326382592927,0.06362069759967758,0.009864278530112439,968,5530,192264,1238,0.03249,5.712809917355372,0.342,0.15503173164097914,1000,200000,2206
baf_base/lgbm/ros,0.18084445247250885,0.8971335035780104,0.22468281430219147,0.3185504971219257,0.15068069306930693,0.44152311876699907,0.850052,0.11526510368565851,974,5490,192304,1232,0.03232,5.636550308008213,0.341,0.15457842248413417,1000,200000,2206
baf_base/lgbm/rus,0.17146333014939197,0.8962831633094354,0.21062034739454094,0.31779787935062603,0.13483288855000636,0.48096101541251135,0.851913,0.12965813512328972,1061,6808,190986,1145,0.039345,6.416588124410933,0.325,0.14732547597461468,1000,200000,2206
baf_base/lgbm/smote,0.14643061744609018,0.8821718124806004,0.18900120560140962,0.29279926441009135,0.11880610936224788,0.46192203082502264,0.088321,0.010517702149413149,1019,7558,190236,1187,0.042885,7.417075564278704,0.286,0.12964641885766093,1000,200000,2206
baf_base/lgbm/smote_tomek,0.14643061744609018,0.8821718124806004,0.18900120560140962,0.29279926441009135,0.11880610936224788,0.46192203082502264,0.088321,0.01051770214941316,1019,7558,190236,1187,0.042885,7.417075564278704,0.286,0.12964641885766093,1000,200000,2206
baf_base/lgbm/smoteenn,0.1577713453176663,0.88600372947702,0.19400056069526211,0.2996708816906288,0.12218952324896998,0.47053490480507704,0.150555,0.012776227154355783,1038,7457,190337,1168,0.042475,7.184007707129094,0.299,0.13553943789664552,1000,200000,2206
baf_base/lgbm/weights,0.18054366979093425,0.8974216340597626,0.21809645753307724,0.31957473420888055,0.14261791794585543,0.46328195829555757,0.839609,0.115342359908404,1022,6144,191650,1184,0.03583,6.011741682974559,0.334,0.1514052583862194,1000,200000,2206
baf_base/logreg/none,0.1432312582410749,0.874511148081196,0.1871244635193133,0.28679179091387474,0.11849257156661433,0.44469628286491386,0.05271516125129787,0.010090623320652787,981,7298,190496,1225,0.041395,7.439347604485219,0.272,0.12330009066183137,1000,200000,2206
baf_base/logreg/ros,0.13737916982663673,0.8757668502439571,0.18862245409852513,0.2833886041603859,0.12111841257569901,0.42611060743427015,0.847697,0.14033216268993093,940,6821,190973,1266,0.038805,7.256382978723404,0.262,0.11876699909338169,1000,200000,2206
baf_base/logreg/rus,0.13680322267093067,0.8751566702762293,0.1860329776915616,0.28325850661625707,0.11833662388943732,0.43472348141432454,0.835949,0.14142670371967653,959,7145,190649,1247,0.04052,7.450469238790407,0.262,0.11876699909338169,1000,200000,2206
baf_base/logreg/smote,0.13483952617578362,0.8740728572510181,0.1793329688354292,0.27967257844474763,0.11222627737226278,0.4460562103354488,0.844761,0.1273313067161996,984,7784,190010,1222,0.04384,7.9105691056910565,0.265,0.12012692656391659,1000,200000,2206
baf_base/logreg/smote_tomek,0.13483952617578362,0.8740728572510181,0.1793329688354292,0.27967257844474763,0.11222627737226278,0.4460562103354488,0.844761,0.1273313067161996,984,7784,190010,1222,0.04384,7.9105691056910565,0.265,0.12012692656391659,1000,200000,2206
baf_base/logreg/smoteenn,0.13550794099947255,0.874522316142519,0.17697594501718214,0.28206813451637636,0.10917956328174687,0.4669084315503173,0.893686,0.14860486195740866,1030,8404,189390,1176,0.04717,8.159223300970874,0.268,0.1214868540344515,1000,200000,2206
baf_base/logreg/weights,0.1222410362604899,0.8546054298036996,0.1890849596821316,0.26655683690280063,0.127381514722091,0.36672710788757934,0.862054,0.11292385176631567,809,5542,192252,1397,0.031755,6.850432632880099,0.242,0.10970081595648232,1000,200000,2206
baf_base/ocsvm/none,0.019009746727600314,0.6279451905744295,0.044874458360538966,0.08054549328787555,0.025817908612799673,0.17135086128739802,-40.25970411861351,,378,14263,183531,1828,0.073205,37.732804232804234,0.03,0.013599274705349048,1000,200000,2206
baf_base/rf/none,0.1588326701167242,0.8778021348822939,0.20478961504028648,0.29413655651279413,0.13595839524517087,0.41477787851314596,0.06311373249196667,0.010066526035501455,915,5815,191979,1291,0.03365,6.355191256830601,0.312,0.1414324569356301,1000,200000,2206
baf_base/rf/ros,0.1493938600462989,0.8847963068914864,0.2009150586831112,0.3029030710172745,0.12869520897043832,0.457842248413418,0.206966,0.013206356638309312,1010,6838,190956,1196,0.03924,6.77029702970297,0.282,0.12783318223028106,1000,200000,2206
baf_base/rf/rus,0.13501781355871403,0.8818115193173635,0.1834271922767498,0.2881213142375737,0.11424117581561073,0.46509519492293744,0.753884,0.1429632093524886,1026,7955,189839,1180,0.044905,7.753411306042885,0.265,0.12012692656391659,1000,200000,2206
baf_base/rf/smote,0.11987652718851366,0.8738661896750165,0.17899675207506316,0.2801943283244831,0.11173687767515206,0.4496826835902085,0.1779,0.013356879914757555,992,7886,189908,1214,0.04439,7.949596774193548,0.229,0.10380779691749774,1000,200000,2206
baf_base/rf/smote_tomek,0.11987652718851366,0.8738661896750165,0.17899675207506316,0.2801943283244831,0.11173687767515206,0.4496826835902085,0.1779,0.013356879914757555,992,7886,189908,1214,0.04439,7.949596774193548,0.229,0.10380779691749774,1000,200000,2206
baf_base/rf/smoteenn,0.12367028996407155,0.8761506919050582,0.18243948742287613,0.28012592549408266,0.11537999759875135,0.43563009972801453,0.274196,0.0188238680399337,961,7368,190426,1245,0.041645,7.667013527575442,0.226,0.10244786944696282,1000,200000,2206
baf_base/rf/weights,0.14606430939561565,0.8851369659932923,0.19607068812321057,0.29647100973308654,0.1253313138962514,0.4501359927470535,0.210354,0.013559364718682741,993,6930,190864,1213,0.039615,6.978851963746224,0.281,0.1273798730734361,1000,200000,2206
ulb_2013/catboost/none,0.8196407529408131,0.9801753859503571,0.8208092485549133,0.7751091703056768,0.9102564102564102,0.7473684210526316,0.12792753573884205,0.00045307899803183983,71,7,56644,24,0.0013745462235223629,0.09859154929577464,0.2862190812720848,0.8526315789473684,283,56746,95
ulb_2013/catboost/ros,0.8112499385149462,0.9758029077388889,0.8379888268156425,0.8081896551724138,0.8928571428571429,0.7894736842105263,0.7047951387241632,0.0006020679747711013,75,9,56642,20,0.0014802805484086985,0.12,0.2756183745583039,0.8210526315789474,283,56746,95
ulb_2013/catboost/rus,0.6367862443475797,0.9742569694965202,0.7700534759358288,0.7627118644067796,0.782608695652174,0.7578947368421053,0.9849349451592359,0.012997106647743754,72,20,56631,23,0.0016212596482571458,0.2777777777777778,0.2791519434628975,0.8315789473684211,283,56746,95
ulb_2013/catboost/smote,0.7984080356387229,0.9669942185254314,0.8202247191011236,0.7883369330453563,0.8795180722891566,0.7684210526315789,0.94195441007336,0.0019829487917579986,73,10,56641,22,0.0014626581609276424,0.136986301369863,0.2791519434628975,0.8315789473684211,283,56746,95
ulb_2013/catboost/smote_tomek,0.7984080356387229,0.9669942185254314,0.8202247191011236,0.7883369330453563,0.8795180722891566,0.7684210526315789,0.94195441007336,0.0019829487917579986,73,10,56641,22,0.0014626581609276424,0.136986301369863,0.2791519434628975,0.8315789473684211,283,56746,95
ulb_2013/catboost/smoteenn,0.7930970425520543,0.9683051072634014,0.8135593220338984,0.7792207792207793,0.8780487804878049,0.7578947368421053,0.9609504668604607,0.0020903610391187033,72,10,56641,23,0.0014450357734465866,0.1388888888888889,0.27208480565371024,0.8105263157894737,283,56746,95
ulb_2013/catboost/weights,0.802267652597247,0.977237917479972,0.8044692737430168,0.7758620689655172,0.8571428571428571,0.7578947368421053,0.8408205667942548,0.0006658070503396192,72,12,56639,23,0.0014802805484086985,0.16666666666666666,0.2756183745583039,0.8210526315789474,283,56746,95
ulb_2013/fttransformer/none,0.801479407757393,0.9669694129057973,0.8,0.7608695652173914,0.875,0.7368421052631579,0.27368253469467163,0.0005082462448626757,70,10,56641,25,0.0014097909984844747,0.14285714285714285,0.2791519434628975,0.8315789473684211,283,56746,95
ulb_2013/fttransformer/ros,0.7840107355861984,0.9012865476430479,0.8263473053892215,0.7632743362831859,0.9583333333333334,0.7263157894736842,0.9998815059661865,0.0006531489198096097,69,3,56648,26,0.0012688118986360273,0.043478260869565216,0.26855123674911663,0.8,283,56746,95
ulb_2013/fttransformer/rus,0.6412133669140493,0.9509208273370935,0.4520123839009288,0.600328947368421,0.3201754385964912,0.7684210526315789,0.9991713762283325,0.02372850477695465,73,155,56496,22,0.004017904345680753,2.1232876712328768,0.26148409893992935,0.7789473684210526,283,56746,95
ulb_2013/fttransformer/smote,0.7846920075432178,0.9272526429133504,0.7607361963190185,0.6919642857142857,0.9117647058823529,0.6526315789473685,0.9999741315841675,0.001282002660445869,62,6,56645,33,0.0011983223487118035,0.0967741935483871,0.2756183745583039,0.8210526315789474,283,56746,95
ulb_2013/fttransformer/smote_tomek,0.7846920075432178,0.9272526429133504,0.7607361963190185,0.6919642857142857,0.9117647058823529,0.6526315789473685,0.9999741315841675,0.001282002660445869,62,6,56645,33,0.0011983223487118035,0.0967741935483871,0.2756183745583039,0.8210526315789474,283,56746,95
ulb_2013/fttransformer/smoteenn,0.797332618306052,0.9233594612999817,0.779874213836478,0.6981981981981982,0.96875,0.6526315789473685,0.9999957084655762,0.0007566050044260919,62,2,56649,33,0.0011278327987875798,0.03225806451612903,0.2826855123674912,0.8421052631578947,283,56746,95
ulb_2013/fttransformer/weights,0.7558792840157524,0.9623008466427405,0.8,0.7741935483870968,0.8470588235294118,0.7578947368421053,0.972650408744812,0.0008492604829370975,72,13,56638,23,0.0014979029358897543,0.18055555555555555,0.26501766784452296,0.7894736842105263,283,56746,95
ulb_2013/lgbm/none,0.8204721361726247,0.9799299310924042,0.8522727272727273,0.8134490238611713,0.9259259259259259,0.7894736842105263,0.1580633892813065,0.00045205836278591023,75,6,56645,20,0.0014274133859655306,0.08,0.28975265017667845,0.8631578947368421,283,56746,95
ulb_2013/lgbm/ros,0.8111969422869185,0.9771013472145704,0.8156424581005587,0.7866379310344828,0.8690476190476191,0.7684210526315789,0.6163950267614895,0.0005477613670955856,73,11,56640,22,0.0014802805484086985,0.1506849315068493,0.2826855123674912,0.8421052631578947,283,56746,95
ulb_2013/lgbm/rus,0.6318685404268706,0.9731606911756099,0.7759562841530054,0.7585470085470085,0.8068181818181818,0.7473684210526316,0.9650640903349734,0.020580120540443857,71,17,56634,24,0.0015507700983329222,0.23943661971830985,0.2756183745583039,0.8210526315789474,283,56746,95
ulb_2013/lgbm/smote,0.814394817506841,0.9799858598677591,0.813953488372093,0.7658643326039387,0.9090909090909091,0.7368421052631579,0.9425840004158479,0.0008662496397083205,70,7,56644,25,0.0013569238360413068,0.1,0.2862190812720848,0.8526315789473684,283,56746,95
ulb_2013/lgbm/smote_tomek,0.814394817506841,0.9799858598677591,0.813953488372093,0.7658643326039387,0.9090909090909091,0.7368421052631579,0.9425840004158479,0.0008662496397083205,70,7,56644,25,0.0013569238360413068,0.1,0.2862190812720848,0.8526315789473684,283,56746,95
ulb_2013/lgbm/smoteenn,0.8106049903015944,0.9804313390668069,0.8043478260869565,0.7889125799573561,0.8314606741573034,0.7789473684210526,0.936955783436663,0.0009853589394711029,74,15,56636,21,0.001568392485813978,0.20270270270270271,0.2862190812720848,0.8526315789473684,283,56746,95
ulb_2013/lgbm/weights,0.8133059264088017,0.9767174639923669,0.797752808988764,0.7667386609071274,0.8554216867469879,0.7473684210526316,0.9425670150730929,0.0006678330278971808,71,12,56639,24,0.0014626581609276424,0.16901408450704225,0.2791519434628975,0.8315789473684211,283,56746,95
ulb_2013/logreg/none,0.6921079641917762,0.9566999792821977,0.7912087912087912,0.7708779443254818,0.8275862068965517,0.7578947368421053,0.05503314789249719,0.0007636485360491527,72,15,56636,23,0.0015331477108518662,0.20833333333333334,0.2756183745583039,0.8210526315789474,283,56746,95
ulb_2013/logreg/ros,0.6687023809289859,0.9658999841132548,0.7934782608695652,0.7782515991471215,0.8202247191011236,0.7684210526315789,0.9999706593180568,0.022258932506116394,73,16,56635,22,0.001568392485813978,0.2191780821917808,0.2756183745583039,0.8210526315789474,283,56746,95
ulb_2013/logreg/rus,0.6185924574023584,0.9625600514321762,0.6607929515418502,0.732421875,0.5681818181818182,0.7894736842105263,0.9180689421546673,0.019456523230145118,75,57,56594,20,0.0023261551474993833,0.76,0.26855123674911663,0.8,283,56746,95
ulb_2013/logreg/smote,0.6718288003434574,0.9623301116996124,0.776595744680851,0.7716701902748414,0.7849462365591398,0.7684210526315789,0.9999559965811894,0.024164758593922125,73,20,56631,22,0.0016388820357382018,0.273972602739726,0.26855123674911663,0.8,283,56746,95
ulb_2013/logreg/smote_tomek,0.6718288003434574,0.9623301116996124,0.776595744680851,0.7716701902748414,0.7849462365591398,0.7684210526315789,0.9999559965811894,0.024164758593922125,73,20,56631,22,0.0016388820357382018,0.273972602739726,0.26855123674911663,0.8,283,56746,95
ulb_2013/logreg/smoteenn,0.6829970572721069,0.96203235135906,0.7934782608695652,0.7782515991471215,0.8202247191011236,0.7684210526315789,0.9999895485532516,0.02468820783316278,73,16,56635,22,0.001568392485813978,0.2191780821917808,0.27208480565371024,0.8105263157894737,283,56746,95
ulb_2013/logreg/weights,0.6704104866004131,0.9651842444366198,0.7978142076502732,0.7799145299145299,0.8295454545454546,0.7684210526315789,0.999967771624139,0.02276297478352971,73,15,56636,22,0.0015507700983329222,0.2054794520547945,0.2756183745583039,0.8210526315789474,283,56746,95
ulb_2013/ocsvm/none,0.2592790813600135,0.9222097626371626,0.3592814371257485,0.48465266558966075,0.2510460251046025,0.631578947368421,2.2391409444629913,,60,179,56472,35,0.004211750607972368,2.9833333333333334,0.21908127208480566,0.6526315789473685,283,56746,95
ulb_2013/rf/none,0.7928263577588743,0.9285115048835482,0.8202247191011236,0.7883369330453563,0.8795180722891566,0.7684210526315789,0.26,0.0004786752143948364,73,10,56641,22,0.0014626581609276424,0.136986301369863,0.27208480565371024,0.8105263157894737,283,56746,95
ulb_2013/rf/ros,0.8067334598402097,0.9340053457503886,0.847457627118644,0.8116883116883117,0.9146341463414634,0.7894736842105263,0.22,0.0004559097616215798,75,7,56644,20,0.0014450357734465866,0.09333333333333334,0.2756183745583039,0.8210526315789474,283,56746,95
ulb_2013/rf/rus,0.697733300426945,0.9755723176717279,0.8,0.7741935483870968,0.8470588235294118,0.7578947368421053,0.89,0.027558462506738934,72,13,56638,23,0.0014979029358897543,0.18055555555555555,0.2791519434628975,0.8315789473684211,283,56746,95
ulb_2013/rf/smote,0.8140262940138463,0.9644887580374386,0.8128342245989305,0.8050847457627118,0.8260869565217391,0.8,0.3466666666666667,0.0005622643802132923,76,16,56635,19,0.0016212596482571458,0.21052631578947367,0.2826855123674912,0.8421052631578947,283,56746,95
ulb_2013/rf/smote_tomek,0.8140262940138463,0.9644887580374386,0.8128342245989305,0.8050847457627118,0.8260869565217391,0.8,0.3466666666666667,0.0005622643802132923,76,16,56635,19,0.0016212596482571458,0.21052631578947367,0.2826855123674912,0.8421052631578947,283,56746,95
ulb_2013/rf/smoteenn,0.8034042394326774,0.9539435825446478,0.7976878612716763,0.7532751091703057,0.8846153846153846,0.7263157894736842,0.6033333333333334,0.0006191555128160503,69,9,56642,26,0.0013745462235223629,0.13043478260869565,0.2862190812720848,0.8526315789473684,283,56746,95
ulb_2013/rf/weights,0.8099022202648416,0.9344016782348805,0.8539325842696629,0.8207343412526998,0.9156626506024096,0.8,0.16,0.00047493860662214395,76,7,56644,19,0.0014626581609276424,0.09210526315789473,0.2791519434628975,0.8315789473684211,283,56746,95
